cast_id,movie_id,person_name,role
1,1,Gregory Gutierrez,Actor
2,1,Tanya Davidson,Actress
3,1,Ashlee Payne,Actress
4,1,Sabrina Fisher,Producer
5,1,Joshua Holloway,Producer
6,2,Mary Green,Actor
7,2,Melissa Campbell,Producer
8,2,Anthony Steele,Producer
9,2,Earl White,Director
10,2,Sandra Estrada,Actress
11,3,Ryan Freeman,Actor
12,3,Brian Miller,Director
13,3,Jessica Griffith,Producer
14,3,Sarah Chung,Director
15,3,Emma Horton,Producer
16,4,Peter Potts,Director
17,4,Lisa Lambert,Actor
18,4,Sarah Bailey,Producer
19,4,Jennifer Clark,Director
20,4,Jeffrey Jackson,Actor
21,5,Richard Charles,Producer
22,5,John Dixon,Actor
23,5,Heather Wilson,Producer
24,5,Jeffrey Simpson,Actor
25,5,Travis Garza,Director
26,6,Shane Russell,Producer
27,6,Betty Washington,Producer
28,6,Angela Hunt,Actor
29,6,Michele Leach,Actor
30,6,Terri Hunter,Actress
31,7,Kyle Hughes,Actor
32,7,Karen Pratt,Producer
33,7,Glenn Rivera,Actor
34,7,Melissa Gates,Actress
35,7,Barbara Sheppard,Actress
36,8,Mr. James Oliver,Actress
37,8,Jeremy Sanchez,Actor
38,8,Dr. Robert Gilbert MD,Director
39,8,Susan Lawson,Actress
40,8,David Mcgrath,Director
41,9,James Hill,Producer
42,9,Andrea Hernandez,Actress
43,9,Jeffrey Sherman,Director
44,9,Matthew Eaton,Director
45,9,Sonya Howell,Actor
46,10,Shawn Turner,Actress
47,10,Sandra Wright,Director
48,10,Austin Medina,Actor
49,10,Wendy Ramsey,Actress
50,10,Marcus Peterson,Actress
51,11,Christina Hooper,Actor
52,11,Matthew Lewis,Director
53,11,Richard Carter,Director
54,11,Carla Willis,Actor
55,11,Pedro Miranda,Producer
56,12,Amy Johnson,Actress
57,12,Kimberly Nelson,Actress
58,12,Christopher Jackson,Producer
59,12,Jessica Costa,Producer
60,12,Kathryn Miller,Actress
61,13,Jessica Rivera,Director
62,13,Christian Brown,Actress
63,13,Anna Chen,Actress
64,13,Kenneth Garcia,Director
65,13,Rhonda Hernandez,Actress
66,14,Steven Guzman,Actress
67,14,Emily Taylor,Director
68,14,Douglas Jones,Actor
69,14,Christopher Jacobs,Director
70,14,Tammy Forbes,Actress
71,15,Melissa Jackson,Actor
72,15,Rebecca Lee,Actor
73,15,Scott Gaines,Producer
74,15,Chelsea Banks,Director
75,15,Michael Johnson,Producer
76,16,Ryan Smith,Actress
77,16,James Cameron,Director
78,16,Monica Martin,Producer
79,16,Christian Peters,Producer
80,16,James Sims,Actor
81,17,Brenda Cortez,Director
82,17,Gabriel Bennett,Producer
83,17,Chase Horton,Director
84,17,Ashley Collins,Actress
85,17,Shari Summers,Actor
86,18,Cynthia Hopkins,Producer
87,18,Jordan Torres,Producer
88,18,Steven Schmidt,Actor
89,18,Michael Koch,Actress
90,18,Joshua Hamilton,Actress
91,19,Melissa Campbell,Actress
92,19,Julie Serrano,Director
93,19,Amber Wells,Actress
94,19,Robert Avery,Actor
95,19,Rebecca Marsh,Actor
96,20,Melissa Brown,Actor
97,20,Ashley Barton,Actress
98,20,Carlos Hall,Director
99,20,Samantha Johnson,Actor
100,20,Larry Hunt,Director
101,21,Valerie Smith,Producer
102,21,Joan Steele,Actress
103,21,Aaron Tyler,Director
104,21,Mr. Jon Roberts,Actress
105,21,Alejandro Myers,Actress
106,22,Robert Cline,Director
107,22,Deanna Taylor,Actor
108,22,Chad Buchanan,Actress
109,22,Jessica Roth,Producer
110,22,Nichole Rios,Director
111,23,Tommy Beck,Producer
112,23,Jennifer Woods,Producer
113,23,Carol Young,Producer
114,23,Sue Henry,Producer
115,23,Jeremy Hawkins,Producer
116,24,Brandon Cardenas,Actress
117,24,Christina Sherman,Actress
118,24,Wendy Wells,Director
119,24,Rachel Valentine,Actress
120,24,Timothy Morales,Director
121,25,Patrick Manning,Director
122,25,Tiffany Fuller,Producer
123,25,Peter Barnes DVM,Actor
124,25,Zachary Mcguire,Actress
125,25,Danielle Lewis,Producer
126,26,Christopher Charles,Actor
127,26,Lisa Jarvis,Producer
128,26,Anthony Berger,Actor
129,26,David Jones,Producer
130,26,Martha Rodriguez,Actress
131,27,Christine Hall,Actress
132,27,Rebecca Riley,Director
133,27,Eric Russell,Actress
134,27,Peter Calhoun,Actor
135,27,Brandi Maxwell,Director
136,28,Joseph Reynolds,Actress
137,28,Robert Gonzalez,Actor
138,28,Jack Vazquez,Actor
139,28,Donald Solis,Producer
140,28,Kerri Frazier,Actress
141,29,Debbie Ferrell,Actor
142,29,Jacqueline Barron,Producer
143,29,Jessica Dixon,Actor
144,29,Todd Carter,Actress
145,29,Michael Johnson,Director
146,30,Mary Meyer,Actor
147,30,Stanley Middleton,Actress
148,30,Tracey Carr,Director
149,30,Heather Whitaker,Actor
150,30,Kelly Sanders,Director
151,31,Shawn Anderson,Producer
152,31,Colleen Nelson,Actress
153,31,Lori Bell,Actress
154,31,Travis Ball,Producer
155,31,Steven Foster,Actor
156,32,Karen Kirby,Producer
157,32,Daniel Page,Actor
158,32,John Hicks,Actor
159,32,Cynthia Hines,Director
160,32,Kimberly Adams,Actor
161,33,Lisa Hooper,Actress
162,33,Richard Brown,Actress
163,33,Michael Ochoa,Producer
164,33,Tami Miller,Actress
165,33,Heidi Davis,Director
166,34,Timothy Smith,Actress
167,34,Kenneth Curtis,Director
168,34,Ian Serrano,Director
169,34,Richard Jones,Actress
170,34,Rebecca Mitchell,Producer
171,35,Michael White,Actress
172,35,Joshua Johnson,Actor
173,35,Melissa Mclean,Director
174,35,Lisa Hill,Director
175,35,Susan Curry,Actress
176,36,Makayla Moore,Actress
177,36,Amanda Brown,Actor
178,36,Megan Perry,Actress
179,36,Lucas Dominguez,Actor
180,36,Karen Stewart,Director
181,37,Stephen Williams,Actress
182,37,Rita Brown,Director
183,37,Nicholas Peterson,Director
184,37,Mr. Michael Sampson,Producer
185,37,Ellen Pena,Producer
186,38,Christopher Garcia,Producer
187,38,Robert Williams,Director
188,38,Kristen Lynn,Actress
189,38,Michele Colon,Actress
190,38,Edward Smith,Actor
191,39,Austin Montgomery,Director
192,39,Margaret Todd,Producer
193,39,Jamie Arnold,Actress
194,39,Jessica Brown,Producer
195,39,Thomas Griffin,Actor
196,40,Amy Williams,Director
197,40,Benjamin Walters,Producer
198,40,Cory Carson,Producer
199,40,Christopher Carroll,Actor
200,40,Riley Craig,Producer
201,41,Sarah Tucker,Director
202,41,Chelsea Ferguson,Director
203,41,Eric Shepard,Actress
204,41,Michael Cox,Actress
205,41,Kimberly Oneal,Actor
206,42,Erica Bailey,Director
207,42,Amanda Glover,Actor
208,42,Bryce Ward,Actress
209,42,Angela Key,Producer
210,42,Tyler White,Actress
211,43,Leslie Jones,Actress
212,43,Kimberly Norman,Producer
213,43,Cheryl Navarro,Actress
214,43,Stephanie Kelly,Director
215,43,Renee Weiss,Actor
216,44,Gregory Morris,Actress
217,44,Elizabeth Andrews,Actor
218,44,Adam Jones,Producer
219,44,Amber Martin,Producer
220,44,Dennis Jenkins,Director
221,45,Tamara Kramer,Actress
222,45,Nichole Allen,Director
223,45,Robert Hawkins,Director
224,45,Tracy Nixon,Actress
225,45,Nathan Mejia DDS,Actor
226,46,Sheryl Coleman,Director
227,46,Billy Banks,Producer
228,46,Mr. Jonathon Brady,Producer
229,46,Mr. Thomas Lynch,Actress
230,46,Erin May,Director
231,47,Jessica Carroll,Actor
232,47,Brian Baker,Actress
233,47,Nicole Neal DVM,Producer
234,47,Michael Adams,Producer
235,47,Natalie Parker,Producer
236,48,Brian Stewart,Director
237,48,David Vargas,Producer
238,48,Erik Perez,Director
239,48,Dawn Olson,Director
240,48,Jason Gregory,Producer
241,49,Mark Simpson,Director
242,49,Joshua Martin,Actress
243,49,Joshua Rodriguez,Actress
244,49,James Mason,Director
245,49,Sara Decker,Actor
246,50,Caleb Graham,Actress
247,50,John Cline,Actor
248,50,Abigail Foster,Actress
249,50,Brandy Simmons,Producer
250,50,Jon Perry,Producer
251,51,Derrick Anderson,Director
252,51,Tina Rodriguez,Director
253,51,Alyssa Jensen,Actress
254,51,Sandra Stevens,Producer
255,51,Crystal Johnson,Producer
256,52,Brittany Bryan,Actress
257,52,Jason Rogers,Actor
258,52,Melanie Taylor,Director
259,52,Allison Tran,Actor
260,52,Robert Reed,Director
261,53,Heather Savage,Actor
262,53,Timothy Johnson,Actress
263,53,Rebekah Villa,Producer
264,53,Scott Nelson,Actor
265,53,David Woods,Actor
266,54,Kaitlyn Nelson,Actor
267,54,Richard Henson,Producer
268,54,Joshua Liu,Director
269,54,Emily Medina,Director
270,54,Jason Nelson,Director
271,55,Elizabeth Barnes,Actor
272,55,Stephanie Smith,Actress
273,55,Sarah Clayton,Actor
274,55,Jeremiah Silva,Producer
275,55,Benjamin Henderson,Director
276,56,Holly King,Actress
277,56,Jennifer Martin,Producer
278,56,Stacey Edwards,Actor
279,56,Christina Ibarra,Actor
280,56,Wanda Willis,Director
281,57,Justin Norman,Actor
282,57,Stephen Wright,Actor
283,57,Tyler Anderson,Producer
284,57,Jay Thomas,Actor
285,57,Eileen Lawrence,Actress
286,58,Holly Shaffer,Actor
287,58,Lindsey Keller,Actress
288,58,Javier Moore,Producer
289,58,Edwin Deleon,Actor
290,58,Andrew Franklin,Actor
291,59,Tanya Johnson,Actor
292,59,Yvette Phillips,Director
293,59,Amanda Cannon,Director
294,59,James Sherman,Actor
295,59,John Nelson,Producer
296,60,Hailey Lee,Producer
297,60,Debra Butler,Actor
298,60,Timothy Fletcher,Actor
299,60,Robert Evans,Actress
300,60,Renee Simmons,Producer
301,61,James Johnson,Director
302,61,John Sheppard,Actress
303,61,Patricia Reed,Actor
304,61,Courtney Hernandez,Actor
305,61,Kristin Mcneil,Actress
306,62,Andrea Edwards,Producer
307,62,Rhonda Crawford,Director
308,62,Tyler Gray,Producer
309,62,Stephen Shelton,Actress
310,62,Megan Hebert,Director
311,63,Elizabeth Shaffer,Actress
312,63,Jason Levy,Director
313,63,Tiffany Rios,Director
314,63,Brian Larson,Director
315,63,Daniel Johnson,Actress
316,64,Christopher Johns,Director
317,64,Connor Phelps,Producer
318,64,Joshua Spencer,Actor
319,64,Kenneth Osborne,Director
320,64,Scott Clements,Actress
321,65,Angela Miller,Actress
322,65,Jacob Caldwell,Actress
323,65,Michael Jenkins,Actress
324,65,Amber Meyer,Actor
325,65,David Lester,Director
326,66,Anthony Savage,Producer
327,66,Joseph Ingram Jr.,Actress
328,66,Johnny Hughes,Director
329,66,Hannah Skinner,Actor
330,66,Charles Williams,Producer
331,67,Jennifer Lewis,Producer
332,67,Dr. Sandra Brown,Actor
333,67,Regina Francis,Actress
334,67,Darin Jones,Actress
335,67,Charles Cabrera,Producer
336,68,Julie Morales,Actress
337,68,Ashley Mccarthy,Director
338,68,Erin Cervantes,Producer
339,68,Dr. Kathryn Gill,Producer
340,68,Amber Roth,Director
341,69,Olivia Peters,Actress
342,69,Bradley Hicks,Producer
343,69,Rodney Montgomery,Director
344,69,Jill Hoover,Actor
345,69,Shannon Burch,Actress
346,70,Heather Patterson,Actress
347,70,Matthew Ponce,Actor
348,70,Sandra Hampton,Actor
349,70,Jennifer Wang,Actress
350,70,Daniel King Jr.,Actress
351,71,Gilbert Flores,Actress
352,71,Gerald Barker,Producer
353,71,James Martin,Director
354,71,Derek Sandoval,Producer
355,71,Tricia Spencer,Actress
356,72,James Maldonado,Director
357,72,Andrew Benson,Director
358,72,Scott Foster,Actor
359,72,Taylor Wells,Actress
360,72,Danielle Tapia,Producer
361,73,Justin Campbell,Actor
362,73,Darlene Thompson,Actress
363,73,Jennifer Park,Director
364,73,Taylor Hays,Actor
365,73,Kathleen Hanson,Director
366,74,Karen Kennedy,Producer
367,74,Cole Webb,Director
368,74,William Lee,Producer
369,74,Amber Palmer,Actor
370,74,Jacob Abbott,Producer
371,75,David King,Producer
372,75,Robin Foster,Actor
373,75,Michelle Vasquez,Actor
374,75,David Blair,Producer
375,75,Morgan Ortiz,Actor
376,76,Deborah Cunningham,Producer
377,76,Melissa Mueller,Producer
378,76,Michelle Dawson,Actress
379,76,Stephanie Kennedy,Producer
380,76,Kenneth Smith,Producer
381,77,Lindsay Garcia,Actor
382,77,Seth Glenn,Actress
383,77,Tonya Calhoun,Director
384,77,Sara Love,Actor
385,77,Rebecca Morrow,Producer
386,78,Melvin Webb,Actress
387,78,Elizabeth Rivas,Actress
388,78,Janet Adams,Director
389,78,Tiffany Zuniga,Director
390,78,John Russell,Producer
391,79,Dustin Garcia,Producer
392,79,Nichole Williams,Actress
393,79,Ashley Miller,Director
394,79,Steven Adams,Actress
395,79,Robert Stone,Actor
396,80,Dr. Tara Lee,Actor
397,80,Ricky Patterson,Actor
398,80,Jamie Lee PhD,Producer
399,80,Linda Becker,Director
400,80,Christina Williams,Producer
401,81,Desiree Mccullough,Producer
402,81,Frederick Adams,Actress
403,81,Ryan Jacobs,Actor
404,81,James Hanson,Producer
405,81,Michelle Lowe,Producer
406,82,Leah Blair,Actor
407,82,Jasmine Miles MD,Actor
408,82,Ryan May,Actor
409,82,Robert Jackson,Actor
410,82,Miss Theresa Peck DVM,Director
411,83,Logan Mcdonald,Director
412,83,Mr. Terry Mccullough,Producer
413,83,Mrs. Debra Wyatt MD,Actress
414,83,Shelia Mora,Director
415,83,Michele Wallace,Director
416,84,Victoria Neal,Actor
417,84,Ryan Nichols,Actor
418,84,Terri Padilla,Director
419,84,Brittany Brown,Producer
420,84,Kenneth Wilson,Actress
421,85,Eric Rodgers,Producer
422,85,Kristen Myers,Actor
423,85,Amanda Smith,Producer
424,85,Sean Wilson,Producer
425,85,Evelyn Moore,Producer
426,86,Martin Clark,Director
427,86,Robert Leon,Producer
428,86,Andrea Morton,Actor
429,86,Thomas White,Actor
430,86,Kimberly Newman,Producer
431,87,Jennifer Nielsen,Director
432,87,Jerry Owens,Actress
433,87,Samantha Durham,Director
434,87,James Mason,Actress
435,87,Benjamin Hill,Actress
436,88,Courtney Soto,Actor
437,88,Robert Sparks,Actor
438,88,Joyce Moore,Actor
439,88,Dennis Edwards,Director
440,88,Matthew Riggs,Actor
441,89,David Gonzalez,Actor
442,89,Alicia Hahn,Director
443,89,Keith Mack,Producer
444,89,Casey Horn,Actor
445,89,Kimberly Smith,Actress
446,90,Michael Clark,Director
447,90,Travis Walker,Actress
448,90,Shelley Smith,Actress
449,90,Brenda Jenkins,Director
450,90,Bryce Allison,Actress
451,91,Sarah Roberts,Actress
452,91,Kevin Harrington,Actor
453,91,Steven Ortega,Actor
454,91,Haley Mitchell,Actress
455,91,Brittany Lawson,Actor
456,92,Destiny Jones,Actress
457,92,Robert Montes,Actress
458,92,Marcia Stevens,Producer
459,92,Kyle Schroeder,Producer
460,92,Gabriel Mclaughlin,Producer
461,93,Kevin Molina,Actor
462,93,Toni Hurst,Director
463,93,Heather Reeves,Actor
464,93,Ashley Chung,Actress
465,93,Juan Webb,Director
466,94,Mr. Bobby Delacruz,Actress
467,94,Jason Ponce,Director
468,94,Richard Snyder,Director
469,94,Dustin Howell,Actress
470,94,Victoria Murphy,Director
471,95,Michelle Welch,Actress
472,95,Julie Robertson,Actress
473,95,James Owens,Actor
474,95,Jennifer Jackson,Director
475,95,Aimee Munoz,Actor
476,96,Christopher Fowler,Actor
477,96,Jessica Owen,Director
478,96,Troy Jones,Director
479,96,Amy Flores,Actress
480,96,Isaac Smith,Producer
481,97,Christopher Walker,Director
482,97,Jacob Peterson,Actress
483,97,Amy Mitchell,Producer
484,97,Ashley Simmons,Actor
485,97,Caleb Peterson,Actor
486,98,David Palmer,Producer
487,98,Jordan Briggs,Director
488,98,Jennifer Lopez,Producer
489,98,Ricardo Cruz,Producer
490,98,Tonya Stuart,Director
491,99,Frederick Wheeler,Director
492,99,Joyce Taylor,Director
493,99,Stephanie Huber,Producer
494,99,Elizabeth Wagner,Director
495,99,Christopher Galloway,Director
496,100,Debra Stevenson,Actor
497,100,Derrick Lee,Actor
498,100,Lindsey Moss,Director
499,100,Felicia Simmons,Director
500,100,Linda Green,Producer
501,101,David Lam,Actor
502,101,John Garcia,Director
503,101,Charles Stark,Producer
504,101,James Salinas,Actress
505,101,Micheal Harris,Director
506,102,Jacob Herman,Actor
507,102,Tina Paul MD,Actress
508,102,Troy Wright,Producer
509,102,Kevin Garcia,Producer
510,102,Stephanie Carroll,Director
511,103,Johnny Harvey,Actor
512,103,Erik Thomas,Director
513,103,Joanne Scott,Actor
514,103,Tara Bell,Producer
515,103,Dylan Day MD,Producer
516,104,Carrie Jenkins,Director
517,104,Angel Martinez,Producer
518,104,Patrick Moore,Actor
519,104,Melissa Jordan,Actor
520,104,Eric Hawkins,Producer
521,105,Alexandra Moore,Producer
522,105,Cameron Hunt,Actor
523,105,Jessica Dean,Producer
524,105,John Moore,Actress
525,105,Anita Villegas,Producer
526,106,Martha Lee,Director
527,106,Donald Smith,Actress
528,106,Katie Galvan,Director
529,106,Brian Joyce,Actress
530,106,Barbara Cox,Actress
531,107,Jeffrey Monroe,Producer
532,107,Annette Wilkins,Director
533,107,Michele Warner,Director
534,107,Kristen Warren,Actress
535,107,Audrey Alexander,Actor
536,108,Andrea Taylor,Director
537,108,Michael Estrada,Actress
538,108,Colton Nichols,Director
539,108,Erin Gill,Director
540,108,Marie Shields,Director
541,109,Scott Nelson,Producer
542,109,Catherine Welch,Actor
543,109,Cynthia Woods,Actress
544,109,Tonya Boyd,Actress
545,109,Steven Chavez,Producer
546,110,Damon Marshall,Director
547,110,Amy Smith,Actress
548,110,Timothy Leonard,Actor
549,110,Emily Nixon,Director
550,110,Karen Maldonado,Actress
551,111,John Lindsey,Actress
552,111,Maria Morales,Actress
553,111,William Miller,Director
554,111,Cindy Santos,Actress
555,111,Scott Hernandez,Actor
556,112,William Smith,Producer
557,112,Casey Barnett,Director
558,112,Karen Mcmahon,Producer
559,112,Anthony Wilkinson,Actor
560,112,John Walker,Producer
561,113,Andrea Ward,Actor
562,113,Karen Serrano,Director
563,113,Rachel Russell,Actress
564,113,Adam Kennedy,Director
565,113,Kristina Murphy,Actress
566,114,Laura Kirby,Producer
567,114,Ashley Cook,Actress
568,114,Kathleen Lyons,Actor
569,114,Susan Bailey,Producer
570,114,Miss Sherry Walker DVM,Producer
571,115,Rebekah Spears,Actress
572,115,Aaron Brown,Actress
573,115,Angelica Jenkins,Actor
574,115,Jacob Padilla,Director
575,115,Louis Patel DDS,Director
576,116,Charles Travis,Director
577,116,Rachel Brown,Producer
578,116,Christine Perkins,Producer
579,116,Matthew Williams,Actor
580,116,Courtney Campbell,Actress
581,117,Kenneth Young MD,Actress
582,117,Madison Sanchez,Actress
583,117,Kristi Forbes,Actress
584,117,Adam Reid,Director
585,117,Donna Lopez,Actress
586,118,John Ellis,Producer
587,118,Patrick Frazier,Actor
588,118,Debra Santana,Actor
589,118,Gabrielle Johnson,Director
590,118,Jason Rogers,Producer
591,119,Craig Stein,Director
592,119,Joyce Davis,Actor
593,119,Christopher Love,Producer
594,119,Scott Franklin,Producer
595,119,Christopher Perez,Actor
596,120,Kevin King,Director
597,120,Tammy Mahoney,Producer
598,120,Miss Amanda Vasquez,Producer
599,120,Angela Jennings,Director
600,120,Nicole Smith,Director
601,121,Kimberly Brown,Producer
602,121,Michael Edwards,Director
603,121,Mr. Kevin Vazquez,Producer
604,121,Dylan Ramsey,Actor
605,121,Natalie Smith,Director
606,122,Craig Alexander,Actor
607,122,Mr. Joshua Chapman,Producer
608,122,David Nelson,Producer
609,122,Adam Cantrell,Actress
610,122,Sandra Sharp,Actress
611,123,Adrian Mccarthy,Director
612,123,Mark Miller,Producer
613,123,Joshua Davies,Actress
614,123,Robert Harvey,Producer
615,123,Megan Wright MD,Actress
616,124,Yvonne Allen,Actor
617,124,Paige Kennedy,Actress
618,124,Megan Harding,Producer
619,124,Jacob Mendoza,Actor
620,124,Matthew Mcgee,Director
621,125,Michael Hawkins,Actress
622,125,Lawrence Faulkner,Director
623,125,Paul Byrd,Producer
624,125,Sean Terrell,Actor
625,125,Jennifer Stephens,Producer
626,126,Timothy Reyes,Actress
627,126,Amber Chapman,Director
628,126,Zachary Ingram,Actor
629,126,Mr. Christopher Smith,Producer
630,126,Nicholas Morrison,Actress
631,127,Andrew Poole,Producer
632,127,Tracy Gibson,Actress
633,127,Darrell Mejia,Producer
634,127,Latasha Hammond,Actor
635,127,Kevin Ross,Actress
636,128,Emily Sampson,Director
637,128,Deanna Mitchell,Director
638,128,Patricia Harris,Actor
639,128,Brittany Davis,Producer
640,128,Jennifer Durham,Producer
641,129,April Perry,Producer
642,129,Gwendolyn Bates,Actress
643,129,Jesse Davila,Actor
644,129,Brandon Villa,Producer
645,129,Kristen Beltran,Actor
646,130,Sheri Watson,Actress
647,130,Karen Shaw,Actor
648,130,April Johnson,Director
649,130,Melissa Patterson,Actress
650,130,Dr. Evan Patel,Actor
651,131,David Nelson,Actor
652,131,Ryan Larsen,Director
653,131,Jeremy Lee,Director
654,131,Kim Hall,Actor
655,131,John Lambert,Actress
656,132,Taylor Orozco,Actress
657,132,Brianna Greer,Actress
658,132,John Burke,Director
659,132,Thomas Campbell,Director
660,132,Kayla Mason,Actress
661,133,Gina Orozco,Actress
662,133,Jodi Williams,Actor
663,133,Joel Garcia,Actress
664,133,Brett Jones,Director
665,133,Ricardo Price,Actor
666,134,Sheryl Montgomery,Actor
667,134,Mary Galvan,Director
668,134,Jessica Gibson,Producer
669,134,Alison Ryan,Director
670,134,Donna Morgan,Actor
671,135,Melissa Schwartz,Actor
672,135,Tracy Scott,Producer
673,135,Sharon Archer,Producer
674,135,Michael Delgado,Actor
675,135,Stephanie Davis,Director
676,136,Chad Floyd,Director
677,136,Charles Espinoza,Actress
678,136,Dawn Graham,Actor
679,136,Rachel Thompson,Actress
680,136,Lisa Montgomery,Actress
681,137,Richard Mcdonald,Producer
682,137,Jose Russell,Actor
683,137,Anthony Rogers,Actress
684,137,Gloria Tucker,Director
685,137,Corey Reyes,Producer
686,138,Tom Schwartz,Actor
687,138,David Paul,Producer
688,138,Carol Ellis,Producer
689,138,Mrs. Cheryl Estes,Actress
690,138,Amy Jenkins,Actor
691,139,Sarah Duncan,Producer
692,139,Luke Jackson,Director
693,139,Julian Thompson,Producer
694,139,Craig Parks,Director
695,139,Justin Martin,Producer
696,140,Alexander Bean,Director
697,140,Spencer Edwards,Actor
698,140,Travis Mitchell,Actor
699,140,Timothy Carroll,Producer
700,140,Valerie Flores,Producer
701,141,Cristian Lopez,Actress
702,141,Isabella Hall,Producer
703,141,Lindsey Lee,Actor
704,141,Amber Mooney,Director
705,141,Stephanie Morris,Producer
706,142,Cristian Thomas,Actor
707,142,Jacqueline Delacruz,Actress
708,142,William Roberts,Producer
709,142,Kimberly Ballard,Director
710,142,Michael Thomas,Actor
711,143,Brian Davis,Actress
712,143,Shannon Klein,Producer
713,143,Elizabeth Li,Actor
714,143,Samantha Davis,Actor
715,143,Zachary Cruz,Actress
716,144,Carol Pacheco,Actress
717,144,Jason Brown,Director
718,144,Alexandra Perez,Director
719,144,Colton Thomas,Actor
720,144,Amy Chen,Director
721,145,Tyler Marquez,Director
722,145,Jennifer Mccullough,Director
723,145,Dr. Luis Coleman MD,Actress
724,145,Deborah Taylor,Producer
725,145,Kayla Levine,Actress
726,146,Michael Wise,Actor
727,146,Christina Mayo,Actress
728,146,Benjamin Collins,Director
729,146,Megan Reynolds,Director
730,146,Jennifer Boyd,Director
731,147,Mr. Paul Walker MD,Director
732,147,Michael Long,Actor
733,147,Jennifer Williams,Producer
734,147,James Chen,Actor
735,147,Kimberly Todd,Director
736,148,Mr. Jeffrey Martin,Director
737,148,Brian Aguilar,Actress
738,148,Thomas King,Director
739,148,Dawn Rodriguez,Actress
740,148,Brandon Collins,Director
741,149,Wendy Palmer,Producer
742,149,Adam Garcia,Actress
743,149,Jeremy Baird,Director
744,149,Michelle Davis,Director
745,149,Tammy Adams,Producer
746,150,Anthony Bowman,Producer
747,150,Patrick Decker,Producer
748,150,Justin Casey,Producer
749,150,Alexis Morris,Actor
750,150,Mark Miller,Director
751,151,Brenda Reed,Actress
752,151,David Patton,Director
753,151,Henry Page,Director
754,151,Kristina Fowler,Actor
755,151,Tiffany Mendoza,Producer
756,152,Richard Cooley,Producer
757,152,Julie Davis,Actor
758,152,Robin Martin,Actor
759,152,Stacy Bishop,Producer
760,152,Tiffany Brooks,Producer
761,153,William Tanner,Actress
762,153,William Gardner,Actress
763,153,Matthew Anderson,Actor
764,153,Kenneth Ortiz,Actor
765,153,Mark Morrison,Actor
766,154,Scott Smith,Actor
767,154,Justin Peck,Producer
768,154,Patricia Casey,Actress
769,154,Kathleen Henry,Actress
770,154,Diana Johnson MD,Actor
771,155,William Anderson,Producer
772,155,Antonio Payne,Director
773,155,Andre Cummings,Director
774,155,Travis Scott,Director
775,155,Stacy Clay,Actress
776,156,Ann Reyes MD,Producer
777,156,Melanie Jennings,Actor
778,156,Ernest Rice,Actress
779,156,Eric Barnes,Producer
780,156,Shannon Roth,Actor
781,157,Kyle Williams,Director
782,157,Brett Sanchez,Actor
783,157,Alexandra Davis,Director
784,157,Teresa Wright,Director
785,157,Katrina Acosta,Actor
786,158,Mark Carrillo,Producer
787,158,Laura Phillips,Producer
788,158,Robert Bennett,Producer
789,158,William Schroeder,Actor
790,158,John Villanueva,Actress
791,159,Elijah Jenkins,Director
792,159,Jessica Rodriguez,Actress
793,159,Melissa Roberts,Producer
794,159,Elizabeth Guzman,Actor
795,159,Matthew Peterson,Actor
796,160,Roberto Jackson,Director
797,160,Ryan Wallace,Producer
798,160,Jeremy Beck,Producer
799,160,Antonio Jenkins DVM,Actress
800,160,Jack Austin,Producer
801,161,Kimberly White,Director
802,161,Nicole Valenzuela,Actor
803,161,Larry Acosta,Actor
804,161,Kenneth Ford,Director
805,161,Kurt Singleton,Director
806,162,Patrick Hansen IV,Producer
807,162,Kristen Schwartz,Actress
808,162,Ashley Pierce,Director
809,162,Tammy Chang,Director
810,162,Jeffrey Hubbard,Actor
811,163,Jennifer Palmer,Director
812,163,Jeffrey Price,Actress
813,163,Kristopher Gutierrez,Director
814,163,Gina Bradshaw,Director
815,163,Laura Conley,Director
816,164,Charles Shields,Actor
817,164,Christopher Williams,Actress
818,164,Amanda Mckay,Actor
819,164,Abigail Boyd,Actor
820,164,Bryan Zhang,Producer
821,165,Ashley Montoya,Actress
822,165,Michelle Rodriguez,Actor
823,165,Nicole Garcia,Actor
824,165,Linda Peterson,Director
825,165,Jasmine Scott,Actor
826,166,Erica Smith,Actor
827,166,Lee Baxter,Actress
828,166,Andrew Tran,Actress
829,166,Kelly Jones,Director
830,166,James Gould,Actress
831,167,Jason Murray,Actress
832,167,Evelyn Kaufman,Actress
833,167,Stephen Walker,Actor
834,167,Michelle Taylor,Producer
835,167,James Harris,Director
836,168,Susan Snow,Actor
837,168,Christopher Ellis,Actress
838,168,Kathryn Sullivan,Director
839,168,Stacey Wyatt,Producer
840,168,Victor Lynch,Producer
841,169,Laura Young,Producer
842,169,John Baldwin,Producer
843,169,Crystal Gentry,Director
844,169,Antonio Shaffer,Producer
845,169,Linda Kim,Producer
846,170,Karen Black,Director
847,170,Jay Washington,Director
848,170,Frederick Robinson,Actor
849,170,Sheila Escobar,Director
850,170,Brandi Evans,Actor
851,171,Casey Conley,Director
852,171,Daniel Ryan,Producer
853,171,Jody Sanders,Producer
854,171,Cynthia Miller,Director
855,171,Nichole Jordan,Actor
856,172,Rachel Salinas,Actress
857,172,Randy Hunter,Actor
858,172,David Schwartz,Director
859,172,Jackie Ferguson,Director
860,172,Kimberly Clark,Actor
861,173,Yvette Anderson,Producer
862,173,James Morrow,Director
863,173,Timothy Mathis,Actress
864,173,Cody Rivera,Actor
865,173,Julie Taylor,Actor
866,174,Sherry Sandoval,Actor
867,174,Wayne Castillo,Producer
868,174,Brian Smith,Actor
869,174,Kenneth Crawford,Producer
870,174,Nathan Smith,Producer
871,175,William Baird,Actress
872,175,Patrick Jackson,Actor
873,175,Alexis Lopez,Actress
874,175,Melissa Mcconnell,Actress
875,175,Samantha Walker,Actress
876,176,Christopher Hughes,Actor
877,176,Michael Gay,Actor
878,176,Anthony Sims,Actor
879,176,Lisa Smith,Producer
880,176,Joseph Wright,Actor
881,177,Tracy Pham,Actor
882,177,Courtney Ramirez,Actor
883,177,Gary Rios,Producer
884,177,Richard Phillips,Actress
885,177,Kenneth Murphy,Director
886,178,Tiffany Allen,Actor
887,178,Sandra Boyd,Actress
888,178,Rachel Ball,Producer
889,178,Alexander Villanueva,Producer
890,178,David Sanchez,Actor
891,179,Angel Cortez,Actress
892,179,Yvette Little,Actor
893,179,Michelle Rodriguez,Actor
894,179,Kristine Contreras,Producer
895,179,Jesse Powers,Actor
896,180,Brandon Shaw,Actress
897,180,Harry Adams,Actress
898,180,Kevin Soto,Director
899,180,Rebecca Smith,Actress
900,180,Bailey Brown,Director
901,181,Mrs. Jeanne Miller MD,Producer
902,181,Heather Brown,Actor
903,181,Yolanda Grimes,Producer
904,181,Mary Rhodes,Actor
905,181,Tammy Robbins,Actor
906,182,Christopher Ramirez,Producer
907,182,Timothy Clayton,Director
908,182,Kathryn Colon,Director
909,182,Jordan James,Director
910,182,Dominique Campbell,Actor
911,183,Caroline Rose,Producer
912,183,Nancy Hicks,Director
913,183,Joshua Carlson,Producer
914,183,Leslie Arroyo,Actor
915,183,Justin Medina,Producer
916,184,Stephanie Underwood,Actress
917,184,Heidi Morrow,Actress
918,184,Ronald Guerrero,Actor
919,184,Bradley Morton,Producer
920,184,Stephanie Lewis,Director
921,185,Mark Hardy,Actress
922,185,Michael Weaver,Actor
923,185,David Mckenzie,Director
924,185,Kristie King,Producer
925,185,Robin Green PhD,Director
926,186,Lisa Ortega,Director
927,186,Sarah Holland,Actor
928,186,Sue Hayes,Director
929,186,Craig Walker,Actress
930,186,Tina Cortez,Actress
931,187,Alex Mccullough,Director
932,187,Ronald Goodman,Actress
933,187,Suzanne Cooper,Actress
934,187,Gregory Mitchell,Director
935,187,Kelly Jimenez,Director
936,188,Joshua Rich,Actress
937,188,Jesse Bass,Producer
938,188,Jason Morgan,Actor
939,188,Kimberly Saunders,Producer
940,188,Mr. Brad Rose,Producer
941,189,William Carr,Actress
942,189,Ryan Larsen,Actress
943,189,Elizabeth Gordon,Director
944,189,Danielle Weaver,Actress
945,189,Donna Dominguez,Director
946,190,Amy Williams,Actress
947,190,Erin Gilbert,Director
948,190,Michael Bryant,Producer
949,190,Steven Torres,Director
950,190,Andrew Marshall,Producer
951,191,Morgan Alexander,Actress
952,191,Alicia Watkins,Actress
953,191,Ashley Walker,Producer
954,191,Christina Campbell,Producer
955,191,Douglas Lambert,Director
956,192,Mario Patterson,Director
957,192,Thomas Molina,Actress
958,192,Cameron Rivas,Actress
959,192,Amanda Castillo,Actor
960,192,Tracy Hayden,Actor
961,193,Sarah Mclaughlin,Director
962,193,Edgar Pacheco,Director
963,193,Robert Garcia,Actress
964,193,Amy Wilkinson,Actor
965,193,Debra Adams,Producer
966,194,Brian Bean,Actress
967,194,Meredith Vega,Director
968,194,Rachel Mcconnell,Director
969,194,Lauren Thornton,Actor
970,194,Carl Villarreal,Actress
971,195,Megan Hughes,Actor
972,195,Elizabeth Allen,Actress
973,195,Mary Griffin,Producer
974,195,Donald Keller,Actress
975,195,Isabel Robinson,Actress
976,196,Kevin Moore,Actor
977,196,Debra Holmes,Actress
978,196,Shelby Gonzales,Director
979,196,Edward Rodriguez,Actor
980,196,Alexa Anderson,Actress
981,197,Amanda Martinez,Actor
982,197,Whitney Odonnell,Director
983,197,Jonathan Stone,Actor
984,197,Anne Hoffman,Actress
985,197,Casey Parker,Director
986,198,Paul Mccarty,Producer
987,198,Mackenzie Garner,Actress
988,198,Danny Ellis,Actress
989,198,Lisa Guerrero,Actress
990,198,Christian Wilkinson,Actress
991,199,Kellie Lara,Actor
992,199,Michael Lewis,Actor
993,199,Jay Morales,Actress
994,199,Julia Morrow,Director
995,199,Andrew Sanchez,Actress
996,200,Katie Crawford,Actor
997,200,Jennifer Barker,Director
998,200,Raymond Butler,Director
999,200,Susan Gentry,Producer
1000,200,Joseph Dillon,Actress
1001,201,Sarah Richards,Producer
1002,201,Crystal Howe,Producer
1003,201,Brooke Cain,Director
1004,201,Nicholas Hurley,Producer
1005,201,Jason Saunders,Producer
1006,202,Kathryn Rivera,Actress
1007,202,Robert Martin,Actress
1008,202,Veronica Jordan,Actress
1009,202,Charles Webster,Actress
1010,202,Brianna Powell,Producer
1011,203,Cheryl Hampton,Director
1012,203,Samantha Yu,Producer
1013,203,Jamie Walker,Actress
1014,203,Kristine Coleman,Producer
1015,203,Larry Wong,Producer
1016,204,Amanda Wiggins,Actress
1017,204,Samantha Tucker DDS,Producer
1018,204,Kenneth Decker,Producer
1019,204,Kristen Curtis DVM,Producer
1020,204,Shelby Gibson,Actor
1021,205,Warren Jones,Actor
1022,205,Roy Murphy,Actor
1023,205,Michael Little,Actress
1024,205,Kyle Wilson,Actress
1025,205,Destiny Baker,Actor
1026,206,Alicia Casey,Producer
1027,206,Gina Martin,Director
1028,206,Christian Smith,Actress
1029,206,Tasha Bailey,Producer
1030,206,Justin Gonzalez,Actress
1031,207,William Atkinson,Actress
1032,207,Annette Salinas DDS,Actress
1033,207,Melanie Sandoval,Producer
1034,207,Craig Hansen,Producer
1035,207,Steven Lowery,Actor
1036,208,Jonathan Moore,Producer
1037,208,Andrea Roberts,Actress
1038,208,Richard Wong,Actress
1039,208,John Burgess,Actress
1040,208,Denise Smith,Director
1041,209,Cynthia Carter,Producer
1042,209,Mr. Richard Nielsen,Actor
1043,209,Fred Escobar,Director
1044,209,Christina Nelson,Actor
1045,209,Aaron Morales,Actor
1046,210,Teresa Green,Actress
1047,210,John Williams,Director
1048,210,Charles Villa,Actor
1049,210,Elizabeth Graham,Actress
1050,210,Mrs. Anne Thompson MD,Producer
1051,211,Andrea Gamble,Director
1052,211,Theresa Brown,Actor
1053,211,April Norris,Director
1054,211,Jon Combs,Actress
1055,211,Ariel Paul,Actress
1056,212,Carl Martin,Actor
1057,212,Natasha Mahoney,Director
1058,212,Julia Valencia,Producer
1059,212,Jonathan Watts,Producer
1060,212,Eddie Peck,Director
1061,213,Shannon Wright,Director
1062,213,Jason Juarez,Producer
1063,213,Alyssa Scott,Director
1064,213,Kathleen Cooley,Producer
1065,213,James Smith,Director
1066,214,Amy Garrett,Producer
1067,214,Jeff Davis,Actress
1068,214,Robert Klein,Director
1069,214,Pamela Carter,Actress
1070,214,Lisa Guerrero,Actor
1071,215,Samantha Hensley,Director
1072,215,Carolyn Stanley,Producer
1073,215,Laura Evans,Director
1074,215,Robert Ellis,Actress
1075,215,Wendy Scott,Actor
1076,216,Jason Parker,Actress
1077,216,Marcus Hernandez,Actress
1078,216,Kristen Serrano,Producer
1079,216,Andrew Smith,Actor
1080,216,Kevin Zimmerman,Director
1081,217,Robert Haynes,Director
1082,217,Abigail Johnson,Producer
1083,217,Lawrence Davis,Producer
1084,217,Tyler Lopez,Actor
1085,217,Henry Gardner,Producer
1086,218,Benjamin Mcbride,Producer
1087,218,Craig Hunt,Director
1088,218,Maria Johnson,Actress
1089,218,Emily Duncan,Actress
1090,218,Miss Tiffany Jackson DVM,Actress
1091,219,Alyssa Brown MD,Actress
1092,219,Joseph Banks,Actor
1093,219,Kimberly Harris,Actor
1094,219,Jack Smith,Actress
1095,219,Brian Nelson,Producer
1096,220,Stanley Rivera,Producer
1097,220,Rhonda Braun,Actress
1098,220,Jonathan Stevens,Actor
1099,220,Cameron Long,Director
1100,220,Randall Moore,Actor
1101,221,Monica Brown,Producer
1102,221,Kevin Morris,Director
1103,221,Rebekah Norton,Producer
1104,221,Amanda Gibbs,Director
1105,221,Jessica Williams,Producer
1106,222,Stacy Bell,Director
1107,222,Jennifer Myers,Actor
1108,222,Kendra Woodard,Director
1109,222,Mrs. Kelly Wilson PhD,Actress
1110,222,Jay Parker,Producer
1111,223,Alexander Martin,Actress
1112,223,Christopher Knight,Actor
1113,223,Margaret Simpson,Actress
1114,223,Mr. William Harris,Director
1115,223,Erin Graves,Actress
1116,224,Derrick Foster,Actor
1117,224,Valerie Garcia,Producer
1118,224,William Thomas,Actress
1119,224,Bethany Cannon,Producer
1120,224,Scott Hubbard,Actress
1121,225,Diana Figueroa,Actress
1122,225,Stephen Goodwin,Producer
1123,225,Tiffany Richardson,Actor
1124,225,Gregory Kennedy,Director
1125,225,Michael Rosario,Actor
1126,226,Jon Barry,Producer
1127,226,Jasmine Shah,Director
1128,226,Steven Donovan,Director
1129,226,Eric Wood,Actress
1130,226,Kimberly Thompson,Actress
1131,227,Kari Wilson,Actress
1132,227,Elizabeth Kane,Actor
1133,227,Denise Butler,Director
1134,227,Michael Lucas,Actress
1135,227,Jessica Steele,Actor
1136,228,Kathryn Hayes,Director
1137,228,Matthew Gray,Actor
1138,228,Sarah Molina,Director
1139,228,Joseph Torres,Actor
1140,228,Nathan Miranda,Producer
1141,229,Ralph Mathews,Director
1142,229,Robert Jackson,Actor
1143,229,Tara Jones,Producer
1144,229,Summer Lowe,Producer
1145,229,Randy Waller,Director
1146,230,Dr. Patricia Fisher,Director
1147,230,Theresa Russell,Actress
1148,230,Jerry Torres,Director
1149,230,Christopher Gomez,Actor
1150,230,Jodi Young,Actress
1151,231,Paul Montgomery,Actress
1152,231,Sheryl Edwards,Producer
1153,231,Jessica Williams,Actress
1154,231,Kathy Jones,Actor
1155,231,Clinton Hurley,Producer
1156,232,Brianna Jimenez,Actor
1157,232,Jessica Myers,Actress
1158,232,Tiffany Harris,Actress
1159,232,Amanda Collins,Actress
1160,232,Emily Lewis,Director
1161,233,Steven Watson,Director
1162,233,Jerry Fox,Actor
1163,233,Valerie Bean,Actress
1164,233,Steven Ritter,Actor
1165,233,Ryan Henderson,Director
1166,234,Joseph Young,Producer
1167,234,Brooke Gay,Actor
1168,234,Curtis Johnson,Actress
1169,234,Sharon Castro,Actor
1170,234,Victor Lee,Producer
1171,235,Amber Schwartz,Producer
1172,235,Theresa Henderson,Actress
1173,235,Katrina Moody,Actor
1174,235,James Velazquez,Actress
1175,235,Stephen Dorsey,Actress
1176,236,Crystal Hanson,Producer
1177,236,Jason Trujillo,Actor
1178,236,Kristi Dawson,Actor
1179,236,Andrew Pena,Producer
1180,236,Andrew Schmidt,Director
1181,237,Roger Elliott,Director
1182,237,Sandra Fuentes,Actress
1183,237,Steven Kerr,Producer
1184,237,Dennis Johnson,Actress
1185,237,Laurie Hill,Director
1186,238,Alexandra Golden,Director
1187,238,Paul Miller,Actress
1188,238,Debbie Rodriguez,Producer
1189,238,Holly Anderson,Actress
1190,238,Sherry Wright,Actor
1191,239,Jeremy Garcia,Director
1192,239,Elizabeth Townsend,Actor
1193,239,Elizabeth Russell,Producer
1194,239,Thomas Williams,Actor
1195,239,Donna Diaz,Actor
1196,240,Kristina Joseph,Actress
1197,240,Ryan Carlson,Producer
1198,240,Ronald Mclean,Actress
1199,240,Brandy Rodriguez,Producer
1200,240,Kenneth Cook,Actress
1201,241,Cristina Townsend,Actor
1202,241,Justin Black,Actress
1203,241,Gregory Barnett,Producer
1204,241,Kara Melton,Director
1205,241,Daniel Rasmussen,Producer
1206,242,Brian Holland,Actress
1207,242,Janet Munoz,Actress
1208,242,Christopher Glover,Actress
1209,242,Melanie Flynn,Actor
1210,242,Tammy Moore,Actress
1211,243,Tara Hurley,Producer
1212,243,Tonya Smith PhD,Actress
1213,243,David Johnson,Director
1214,243,Katie Gonzalez,Actress
1215,243,Lori Tucker,Producer
1216,244,Nathan Garcia,Actress
1217,244,Mitchell Moore,Producer
1218,244,Dr. Anthony Steele,Actress
1219,244,Nicholas Burns MD,Producer
1220,244,Mary Smith DDS,Producer
1221,245,Jason Owens,Producer
1222,245,Patrick Wilson,Director
1223,245,Chris Larson,Actress
1224,245,Isabella Castillo,Actor
1225,245,Michelle Hansen,Actress
1226,246,Timothy Lopez,Producer
1227,246,Frank Hughes,Producer
1228,246,William Blake,Director
1229,246,Michelle Shelton,Producer
1230,246,Debra Garza,Producer
1231,247,Elizabeth Burton,Actress
1232,247,Natalie Harvey,Director
1233,247,Daniel Nichols,Director
1234,247,Patricia Gibson,Director
1235,247,Jeffrey Mullins,Actor
1236,248,Patricia Diaz,Actor
1237,248,Deanna Snow,Producer
1238,248,Elizabeth Caldwell,Actress
1239,248,Krystal Watkins,Producer
1240,248,Robert Brooks,Producer
1241,249,Julie Jones,Producer
1242,249,Ian Bell,Producer
1243,249,Veronica Steele,Director
1244,249,Sherri Davis,Actor
1245,249,Michelle Carson,Producer
1246,250,Lindsey Smith,Actress
1247,250,Jessica Mccarty,Producer
1248,250,Kristi Woods,Actress
1249,250,Derek Johnson,Director
1250,250,William Merritt,Actress
1251,251,Benjamin Suarez,Director
1252,251,Linda Harris,Actress
1253,251,Mikayla Navarro,Director
1254,251,Meghan Santiago,Actor
1255,251,Aaron Perry,Director
1256,252,Donna Ellis,Director
1257,252,Kenneth Hunt,Actress
1258,252,Stephanie Garcia,Actor
1259,252,Malik Ali,Actor
1260,252,Jeremy Palmer,Producer
1261,253,Melissa Sims,Producer
1262,253,Wendy Santiago,Director
1263,253,Alex Irwin,Actor
1264,253,Taylor Ortega,Director
1265,253,Tina Anderson,Director
1266,254,Matthew Martin,Director
1267,254,Rebecca Thompson,Producer
1268,254,Dawn Humphrey,Actor
1269,254,Erica Stephens,Actor
1270,254,David Mata,Producer
1271,255,Jamie Haas,Producer
1272,255,Jay Howard,Producer
1273,255,Christine Friedman,Producer
1274,255,Ellen Durham,Director
1275,255,Lori Carney,Director
1276,256,Christopher Washington,Actor
1277,256,Michelle Howard,Director
1278,256,Susan Anderson,Actress
1279,256,Robert Nguyen,Director
1280,256,Morgan Gross,Producer
1281,257,Isabel Stephens,Producer
1282,257,Julie Huffman,Director
1283,257,Heather Everett,Actor
1284,257,Amanda Blake,Producer
1285,257,Andrew Russell,Actor
1286,258,Janet Howard,Actress
1287,258,Erin Jordan,Actor
1288,258,Jordan Meadows,Actress
1289,258,Travis Ward,Director
1290,258,Dennis Bradley,Director
1291,259,Thomas Smith,Director
1292,259,Timothy Harper,Producer
1293,259,Debbie Adams,Director
1294,259,Mr. Taylor Barrett,Actress
1295,259,Anna Campbell,Actress
1296,260,Katherine Matthews,Producer
1297,260,Amy Mccoy,Producer
1298,260,Nicholas Molina,Producer
1299,260,Stephanie Flores,Actor
1300,260,Scott Rivera,Director
1301,261,Margaret Smith,Director
1302,261,Samantha Graham,Actress
1303,261,Rebecca Anderson,Actor
1304,261,Thomas Hunt,Actress
1305,261,Brian Chambers,Actress
1306,262,Richard Lucas,Actor
1307,262,Patricia Bond,Actress
1308,262,Dr. Connie Robinson MD,Producer
1309,262,Eric Adams,Producer
1310,262,David Simmons,Producer
1311,263,Andrea Calhoun,Actor
1312,263,Meghan Norris,Director
1313,263,Brian Holder,Actress
1314,263,Amanda Wells,Actor
1315,263,Maria Carlson,Actor
1316,264,Patricia Maddox,Producer
1317,264,Thomas Reed,Actor
1318,264,Ricky Weiss,Director
1319,264,Dr. Daniel Little,Producer
1320,264,Joshua Flores,Producer
1321,265,Michael Middleton,Director
1322,265,Jeffrey Lowe,Director
1323,265,Michael Myers,Actor
1324,265,Paul Klein,Actress
1325,265,Emily Ross,Actress
1326,266,Amanda Berg,Actor
1327,266,Mark Jones,Producer
1328,266,Eric Jackson,Actor
1329,266,Joseph Cline,Actress
1330,266,Joshua Wells,Producer
1331,267,Jeremy Hayes,Producer
1332,267,Sarah Munoz,Producer
1333,267,Wendy Walsh,Actor
1334,267,Elizabeth Day,Director
1335,267,Joshua Reeves,Director
1336,268,Tabitha Dawson,Director
1337,268,Christopher Oneill,Producer
1338,268,Tyler Jackson,Actor
1339,268,Kristi Wright,Actor
1340,268,Sara Snyder,Director
1341,269,Zachary Brown,Director
1342,269,Eric Nelson,Actress
1343,269,Todd Baker,Actor
1344,269,Mary Hawkins,Actor
1345,269,Wayne Velez,Director
1346,270,Karen Johnson,Producer
1347,270,Scott Rivas,Director
1348,270,Danielle Chavez,Director
1349,270,Jill Arellano,Producer
1350,270,Matthew Rowe,Actor
1351,271,Andrew Chavez,Actress
1352,271,Parker Gutierrez,Producer
1353,271,Nicole Cooper,Producer
1354,271,Jamie Yates,Actress
1355,271,Kenneth Smith,Actress
1356,272,Lisa Liu,Producer
1357,272,Allison Mcmillan,Director
1358,272,Heather Hayes,Actor
1359,272,Daniel Eaton,Director
1360,272,Patricia Valenzuela,Producer
1361,273,Tracy Martin,Producer
1362,273,John Banks,Actress
1363,273,Betty White,Director
1364,273,Brian Rose,Actor
1365,273,Daniel Richmond,Director
1366,274,Kelly Deleon,Actress
1367,274,Sandra Ellison,Director
1368,274,Jennifer Colon,Director
1369,274,Rhonda Ramsey,Actress
1370,274,Mrs. Angela Hall,Actor
1371,275,Belinda Chen,Actress
1372,275,Christopher Johnson,Actor
1373,275,Karen Pugh,Producer
1374,275,John Kelley,Actor
1375,275,Alison Davis,Producer
1376,276,Vanessa Wallace,Actor
1377,276,Stephen Le,Actor
1378,276,Amy Hunter,Actor
1379,276,Kelsey Mosley,Actor
1380,276,Brad Miller,Producer
1381,277,Elizabeth Wright,Director
1382,277,Douglas Stanton,Producer
1383,277,Christopher Haney,Director
1384,277,Devin Ford,Director
1385,277,Joanna Ross,Actress
1386,278,Kelly Boyle,Actor
1387,278,Mark Elliott,Director
1388,278,Stacey Burke,Actor
1389,278,Samantha Webb,Actress
1390,278,James Hayes,Actor
1391,279,Andrea Dean,Director
1392,279,Matthew Turner,Producer
1393,279,Ana Williams,Director
1394,279,Carol Brooks,Actor
1395,279,Tyler Greene,Producer
1396,280,Lauren Cruz,Producer
1397,280,Brian Anderson II,Director
1398,280,Rhonda Webb,Producer
1399,280,Yolanda Roberts,Actor
1400,280,Sarah Combs,Producer
1401,281,Devin Whitaker,Actor
1402,281,Jonathan Davis,Actor
1403,281,Jason Hubbard,Producer
1404,281,Wendy Anderson,Actress
1405,281,Ethan Martin,Actress
1406,282,Ralph Thomas,Producer
1407,282,Tony Velez,Actress
1408,282,Nicole Williams,Actor
1409,282,Timothy Anderson,Actress
1410,282,Connor Lara,Actor
1411,283,Ashley Soto,Producer
1412,283,Marcus Summers,Director
1413,283,Scott Walker,Director
1414,283,Mark Perez,Actress
1415,283,Jennifer Thornton,Actress
1416,284,Kimberly Nelson,Producer
1417,284,Amy Byrd,Actress
1418,284,Jay Holder,Director
1419,284,Benjamin Lopez MD,Producer
1420,284,Danielle Bass,Director
1421,285,Hector Garcia,Actor
1422,285,Robert Harding,Actress
1423,285,Ryan Jones,Director
1424,285,Steve Moreno,Actress
1425,285,Krista Dawson,Actor
1426,286,Jonathan Simpson,Actor
1427,286,Cheryl Ortega,Director
1428,286,Jodi Hudson,Actor
1429,286,Sarah Woodward,Actress
1430,286,Joel Hunt,Producer
1431,287,Aaron Wong,Director
1432,287,Karina Rodriguez,Director
1433,287,Jennifer King,Actor
1434,287,Arthur Jackson,Actress
1435,287,Jason Briggs DDS,Director
1436,288,Jacqueline Fisher,Actor
1437,288,Cynthia Mason,Actor
1438,288,Frank Fisher,Director
1439,288,Jennifer Guzman,Producer
1440,288,Carlos Jones,Actor
1441,289,Katelyn Saunders,Actor
1442,289,Miguel Lynch,Actress
1443,289,Andrew Andrade,Director
1444,289,Claire Gilmore,Actor
1445,289,Penny Horton,Producer
1446,290,Michele Gibbs,Actor
1447,290,Parker Meyers,Producer
1448,290,Briana Garcia,Producer
1449,290,Sabrina Hansen,Director
1450,290,William Olsen,Actress
1451,291,Timothy Anderson,Producer
1452,291,Valerie Harvey,Actor
1453,291,Daniel Gonzalez,Actress
1454,291,Anita Martinez,Actress
1455,291,Ryan Fowler,Actress
1456,292,Kathryn Wright,Producer
1457,292,Thomas Christensen,Producer
1458,292,Morgan Figueroa,Producer
1459,292,Laura Smith,Actor
1460,292,Angela Tran,Director
1461,293,Felicia Anderson,Actor
1462,293,Nicholas Weaver,Actor
1463,293,Fernando Mejia,Director
1464,293,Kyle Marsh,Director
1465,293,Emily Kim,Actor
1466,294,Joshua Scott,Director
1467,294,Adam Crawford,Actress
1468,294,David Cox,Actor
1469,294,Tyler Pena,Actor
1470,294,Laura Smith,Actress
1471,295,Danielle Erickson,Actress
1472,295,Cynthia Campbell,Director
1473,295,Nancy Ochoa PhD,Actor
1474,295,Jeffrey Duncan,Director
1475,295,Brittany Schmitt,Actress
1476,296,Jean Fletcher,Producer
1477,296,Debra Bryant,Actor
1478,296,Kimberly Schmidt DDS,Producer
1479,296,William Phillips,Actor
1480,296,Caitlin Wilson,Producer
1481,297,Stacy Ibarra,Actress
1482,297,Dustin Cardenas,Actor
1483,297,Jamie Nelson,Actor
1484,297,Monica Sanchez,Actress
1485,297,Oscar Butler,Producer
1486,298,Jennifer Alvarado DDS,Director
1487,298,William Jones,Actress
1488,298,Keith Wilkins,Director
1489,298,James Carter,Producer
1490,298,Ryan Hoover,Actor
1491,299,Chris Oliver,Director
1492,299,Kendra Frazier,Actor
1493,299,Mr. Calvin Bradford,Actor
1494,299,Jennifer Wilson,Actress
1495,299,Vernon Cook,Director
1496,300,Thomas Brooks,Director
1497,300,Lauren Villa,Actor
1498,300,Tracy Hill,Actress
1499,300,Renee Farrell,Director
1500,300,Michael Franklin,Director
1501,301,Jared Moore,Director
1502,301,Amanda Barker,Actor
1503,301,Joshua Gibson,Actor
1504,301,Sarah Delgado,Producer
1505,301,Kelly Jackson,Actress
1506,302,Melanie Cain,Actor
1507,302,Donald Clark,Director
1508,302,David Lambert,Producer
1509,302,Zachary Fox,Actress
1510,302,Dr. Jordan Rubio,Director
1511,303,Melanie Smith,Actor
1512,303,Dustin Garcia,Actor
1513,303,Sally Hall,Actor
1514,303,Brandon Drake,Director
1515,303,Julie Williams,Director
1516,304,Anthony Ramos,Producer
1517,304,Amy Gentry,Actor
1518,304,Troy Bond,Actor
1519,304,William Norman,Director
1520,304,Laura Wood,Actor
1521,305,Ashley Callahan,Director
1522,305,Tanya Johnson,Producer
1523,305,Nicole Burton,Director
1524,305,George Franklin,Director
1525,305,Terri Dodson,Actress
1526,306,Sarah Terry,Actor
1527,306,Brenda Oliver,Director
1528,306,Timothy Williams,Producer
1529,306,Brian Acosta,Director
1530,306,Joseph Freeman,Actress
1531,307,Joseph Payne,Actor
1532,307,Kathryn Thompson,Producer
1533,307,Charles Pierce,Actor
1534,307,Dr. James Hopkins,Actor
1535,307,Nicholas Schroeder,Director
1536,308,Jesse Hunter,Producer
1537,308,Brian Lopez,Producer
1538,308,Dan Schmidt,Director
1539,308,Alex Martin,Director
1540,308,Alexander Casey,Actress
1541,309,Megan Gutierrez,Actor
1542,309,Leonard Lester,Producer
1543,309,Jared Williams,Producer
1544,309,David Willis,Director
1545,309,Michelle Jacobs,Director
1546,310,Warren Castro,Actor
1547,310,Jason Moran,Actress
1548,310,Yesenia Weeks,Actress
1549,310,Marissa Pace,Actress
1550,310,Matthew Escobar,Director
1551,311,Luis Romero,Actress
1552,311,David Moss,Actress
1553,311,Michael Sanders,Director
1554,311,Jennifer Dennis,Director
1555,311,Rick Howard,Actress
1556,312,Stephen Garcia,Actress
1557,312,Jennifer Carr,Actor
1558,312,Ashley Dennis,Producer
1559,312,Richard Monroe,Actress
1560,312,Carolyn Wagner MD,Actress
1561,313,Cynthia Jensen,Director
1562,313,Sean Medina,Producer
1563,313,Timothy Edwards,Director
1564,313,Mary Jenkins,Director
1565,313,Michael Myers,Producer
1566,314,Thomas Duke,Producer
1567,314,Abigail Flores,Actress
1568,314,Belinda Adams,Actor
1569,314,Brandi Herrera,Actress
1570,314,Jason Smith,Producer
1571,315,Charles Woods,Actress
1572,315,Sarah Pace,Director
1573,315,Charles Vaughn,Actor
1574,315,Angela Ramirez,Producer
1575,315,David Hartman,Actor
1576,316,Kelly Wallace,Actress
1577,316,Mr. Adam Harris,Actress
1578,316,Monica Sanders,Actor
1579,316,Jacob Sutton,Director
1580,316,Lisa Frost,Producer
1581,317,Christopher Holland,Producer
1582,317,Lori Buchanan,Actor
1583,317,Jennifer Hamilton,Actor
1584,317,Angela Mason,Actress
1585,317,Larry Gould,Producer
1586,318,Ryan Morris,Actress
1587,318,Kevin Garcia,Director
1588,318,Amanda Becker,Actor
1589,318,Alexandra Orozco,Producer
1590,318,Daniel Robinson,Producer
1591,319,Douglas Ross,Actress
1592,319,Brittany Martin,Producer
1593,319,Manuel Mitchell,Producer
1594,319,Theodore Robertson,Actress
1595,319,Lawrence Chapman,Actor
1596,320,Angela Christensen,Director
1597,320,Stacey Hopkins,Actor
1598,320,Jonathan Thompson,Director
1599,320,Spencer George,Producer
1600,320,Robert Thomas,Actress
1601,321,Christina Mcconnell,Actress
1602,321,Donald Spencer,Director
1603,321,Robyn Blair,Director
1604,321,Nicole Fuentes,Producer
1605,321,Jennifer Garcia,Actress
1606,322,Sandra Hernandez,Director
1607,322,Ann Ortega,Producer
1608,322,Joseph Murphy,Actor
1609,322,Andrea Stephens,Director
1610,322,Tyler Reyes,Director
1611,323,Jacob Phillips,Director
1612,323,Ashley Roberts DDS,Actor
1613,323,Walter Nicholson,Actor
1614,323,Danny Robertson,Actress
1615,323,Isabella Long,Actor
1616,324,Kirk Richardson,Actor
1617,324,Benjamin Campbell,Producer
1618,324,Elizabeth Short,Actress
1619,324,Kevin Simon,Director
1620,324,Jeffrey Ortiz,Actress
1621,325,Stacy Fowler,Actress
1622,325,Joel Andrews,Producer
1623,325,Jessica Kent,Producer
1624,325,Danielle Gates,Director
1625,325,Chelsey Price,Actress
1626,326,Brandy Ashley,Actress
1627,326,Kyle Fritz,Actor
1628,326,Michael Burgess,Producer
1629,326,Manuel Diaz,Director
1630,326,Jose Ross,Director
1631,327,Shirley Shah,Producer
1632,327,Gary Hernandez,Producer
1633,327,Tracy Roy,Actress
1634,327,Savannah Adams,Actor
1635,327,Michelle Watson,Producer
1636,328,Christian Jones,Producer
1637,328,Michele Hudson,Producer
1638,328,Mr. John Howard,Actor
1639,328,Shannon Riddle,Actor
1640,328,Frank Rhodes,Director
1641,329,Kevin Burke,Director
1642,329,Luis Meza,Producer
1643,329,Sydney Davis,Producer
1644,329,Kristen Miller,Actress
1645,329,John Robinson,Producer
1646,330,Shane Nolan,Producer
1647,330,Marvin Sullivan,Actor
1648,330,William Park,Actress
1649,330,Karen Cabrera,Director
1650,330,Leslie Hamilton,Director
1651,331,Theresa Washington,Producer
1652,331,Anthony Gonzalez Jr.,Director
1653,331,Rebekah Ayala,Actor
1654,331,Heather Kim,Producer
1655,331,Jocelyn Frank,Director
1656,332,Kristy Parker,Actress
1657,332,Adam Alvarez,Director
1658,332,Andrew Smith,Actress
1659,332,Dr. John Chavez MD,Producer
1660,332,Andrea Evans,Producer
1661,333,Lance Phillips,Actor
1662,333,Amber Johnson,Actress
1663,333,Christine Crane,Producer
1664,333,John Wells,Actor
1665,333,Jeffrey Odonnell,Actress
1666,334,Julia White,Actor
1667,334,Christopher Baker,Director
1668,334,Andrew Fox,Director
1669,334,Christina Cantu,Director
1670,334,Kenneth Howard,Director
1671,335,Anna Wise,Producer
1672,335,Deborah Taylor,Actor
1673,335,Lisa Potter,Actor
1674,335,Omar Williams,Director
1675,335,Jeffery Hernandez,Actress
1676,336,David Johnson,Producer
1677,336,Julie Wong,Director
1678,336,Todd Harrison,Director
1679,336,Stephanie West,Director
1680,336,Emily Conway,Producer
1681,337,Wendy Graham,Actor
1682,337,Edward Barnett,Director
1683,337,Jessica King,Actor
1684,337,Jesse Cook,Director
1685,337,John Smith,Actor
1686,338,Justin Jensen,Producer
1687,338,Miss Allison Hamilton MD,Actress
1688,338,Stephen Williams,Actor
1689,338,Stephanie Moore,Director
1690,338,Brad Perez,Producer
1691,339,Thomas Smith,Actress
1692,339,Shelly Harris,Director
1693,339,Zachary Morales,Actor
1694,339,Angela Shea,Actress
1695,339,Heidi Smith,Producer
1696,340,Lisa Nguyen,Director
1697,340,Yvonne Ford,Actor
1698,340,Cheryl Berg,Producer
1699,340,Mark Ortega,Actress
1700,340,Beth Graves,Director
1701,341,Luis Knight,Actor
1702,341,Keith Young,Director
1703,341,Melissa Beard,Actor
1704,341,Erin Copeland,Director
1705,341,Sarah Neal,Actress
1706,342,Sharon Harris,Producer
1707,342,Barbara Smith,Director
1708,342,Wendy Mcdonald,Producer
1709,342,Tyler Ross,Actor
1710,342,Michael Osborne,Actor
1711,343,Abigail Trevino,Actor
1712,343,Michael Waller,Actor
1713,343,Kimberly Choi,Actress
1714,343,Adrian Brown,Producer
1715,343,Amanda Singh,Actor
1716,344,Courtney Riddle,Actress
1717,344,Jimmy Gay,Actor
1718,344,John Fowler,Director
1719,344,Charles Baker,Producer
1720,344,Monica Snyder,Producer
1721,345,Rebecca Stewart,Producer
1722,345,Jordan Ramos,Actress
1723,345,Sara Williams,Director
1724,345,Diana Owens,Director
1725,345,Ashley Briggs,Actor
1726,346,Jennifer Logan,Actress
1727,346,Daniel Knox,Producer
1728,346,Megan Martin,Producer
1729,346,Courtney Caldwell,Director
1730,346,Elizabeth Blake,Actor
1731,347,Roger Newton,Director
1732,347,Elizabeth Hale,Director
1733,347,Brandy Rivera,Producer
1734,347,Teresa Mendez,Director
1735,347,Melissa Preston,Producer
1736,348,Richard Gray,Actress
1737,348,Tiffany King,Producer
1738,348,Vanessa Harris,Director
1739,348,Anita Ramsey,Actor
1740,348,Jacob Hendrix,Producer
1741,349,Savannah Hart,Actor
1742,349,Patrick Peterson,Actress
1743,349,Michelle Mullen,Actress
1744,349,Haley Coffey,Producer
1745,349,Kevin Lopez,Director
1746,350,Lynn Miranda,Actress
1747,350,Trevor Brown,Actor
1748,350,Leslie Williams,Producer
1749,350,Jennifer Miller,Producer
1750,350,Troy Anderson,Actor
1751,351,David Gross,Director
1752,351,Christopher Martinez,Producer
1753,351,James Howell,Actor
1754,351,Brett May,Producer
1755,351,Barbara Raymond,Producer
1756,352,Sandra Bowers,Producer
1757,352,James Bryant,Actress
1758,352,Heather Wolf,Actress
1759,352,Kimberly Morgan,Actor
1760,352,Theresa Moore,Actress
1761,353,Miguel Yang,Director
1762,353,Lisa Lambert,Director
1763,353,Jacob Moreno,Producer
1764,353,Joshua Chavez,Actor
1765,353,James Charles,Actor
1766,354,Nathan Robbins,Actress
1767,354,Timothy Peters,Director
1768,354,Michael Deleon II,Director
1769,354,Michelle Smith,Director
1770,354,Shannon Harris,Actress
1771,355,Zachary Durham,Actor
1772,355,Edwin Andrews,Director
1773,355,Grant Poole,Director
1774,355,Kenneth Clark,Actor
1775,355,Mr. Michael Gray,Director
1776,356,Diane Smith,Actor
1777,356,Tamara Smith,Producer
1778,356,Brent Hebert,Actress
1779,356,Eric Reese,Actress
1780,356,David Diaz,Actress
1781,357,Linda Murphy,Director
1782,357,Jessica Garrett,Producer
1783,357,Oscar Moore,Producer
1784,357,Jamie Howe,Actor
1785,357,Amanda Martinez,Actor
1786,358,Tonya Lopez,Director
1787,358,Cynthia Riddle,Producer
1788,358,John Garcia,Producer
1789,358,Yvonne Cole,Actress
1790,358,Alexa Browning,Actress
1791,359,Lori Lee,Producer
1792,359,Noah Gomez,Actress
1793,359,Susan Hamilton,Director
1794,359,Jamie Allen,Actor
1795,359,Brian Mitchell,Actress
1796,360,Melissa Miller,Director
1797,360,Michael Reynolds,Actress
1798,360,Michael Joseph,Producer
1799,360,Tammy Reynolds,Actor
1800,360,Michael Melendez,Actress
1801,361,Tyler Deleon,Actress
1802,361,Debra Kennedy,Producer
1803,361,Leslie Brown,Producer
1804,361,Lisa Woods,Producer
1805,361,James Marshall,Producer
1806,362,Shane Everett,Actress
1807,362,Laura Kelley,Producer
1808,362,Tanya Holt,Actor
1809,362,Christopher Parsons,Actor
1810,362,Matthew Moore,Producer
1811,363,Laura Marshall,Actress
1812,363,Jason Smith,Actress
1813,363,Andrew Fernandez Jr.,Director
1814,363,Evelyn Hinton,Director
1815,363,Robert Johnson,Producer
1816,364,Kathryn Hobbs,Actor
1817,364,David Norris,Actor
1818,364,Matthew Cannon MD,Director
1819,364,Lisa Crane,Actor
1820,364,Dennis Phillips,Actor
1821,365,Julian Smith,Director
1822,365,Eric Nelson,Producer
1823,365,Henry Chen,Actor
1824,365,Alison Soto,Actress
1825,365,George Bernard,Producer
1826,366,Diane Williams,Director
1827,366,David Barron,Director
1828,366,Manuel Hughes,Actress
1829,366,Mary Farley,Actress
1830,366,Eric Davidson,Director
1831,367,Julian Montoya,Producer
1832,367,Caitlin Tucker,Actor
1833,367,Regina Martinez,Producer
1834,367,Kevin Davis,Producer
1835,367,Samuel Hines,Actor
1836,368,Maria Brennan,Actress
1837,368,Dale Russell,Director
1838,368,John Johnson,Actor
1839,368,Antonio Rivera,Actress
1840,368,Michael Mcdaniel,Director
1841,369,Heather Tanner,Actor
1842,369,Harold George,Actress
1843,369,Melissa Jones,Producer
1844,369,Joel Kline,Director
1845,369,Tracy Fritz,Director
1846,370,Mrs. Jennifer Foster,Producer
1847,370,Julia Jensen,Actor
1848,370,James Nielsen,Actor
1849,370,Amber Perkins,Director
1850,370,Paul Gonzalez,Director
1851,371,Jason Smith,Actress
1852,371,Autumn Johnson,Producer
1853,371,Taylor Romero,Director
1854,371,John Baldwin,Actress
1855,371,James Wheeler,Actor
1856,372,Matthew Robinson,Director
1857,372,Tammy Mayer,Producer
1858,372,Jennifer Walter,Actor
1859,372,Rhonda Romero,Director
1860,372,Noah Carroll,Producer
1861,373,Jillian Haynes,Producer
1862,373,Katherine Townsend,Actor
1863,373,John Valencia,Actress
1864,373,Matthew Krause,Director
1865,373,Cindy Herring,Director
1866,374,Kristy Dalton,Actor
1867,374,Isaiah Murphy,Actress
1868,374,Daniel Wade,Director
1869,374,Jill Hubbard,Director
1870,374,Michael Hill,Director
1871,375,Madeline Whitaker,Actor
1872,375,Megan Valdez,Director
1873,375,James Green,Actress
1874,375,Samantha Jackson,Producer
1875,375,Jessica Cohen MD,Actor
1876,376,Bridget Lopez,Director
1877,376,Steven Phillips,Director
1878,376,Matthew Aguilar,Producer
1879,376,Jerry Morgan,Director
1880,376,Cathy Smith,Actress
1881,377,William Stevens,Director
1882,377,Heather Mejia,Actor
1883,377,Katherine Shaw,Actress
1884,377,Dominique Fisher,Producer
1885,377,Matthew Jones,Director
1886,378,Daniel Santiago,Actor
1887,378,Angela Hall,Actress
1888,378,Jill Jackson,Actor
1889,378,Allen Smith,Actress
1890,378,Jennifer Cameron,Producer
1891,379,Elizabeth Davis,Actress
1892,379,Tyler Davis,Director
1893,379,David Washington,Director
1894,379,Jeremiah Jackson,Actress
1895,379,Johnny Padilla,Actress
1896,380,Haley Wright,Director
1897,380,Shannon Johnson,Producer
1898,380,Misty Weber,Director
1899,380,Gary Alvarez,Actress
1900,380,Christine Washington,Actor
1901,381,Melissa Nelson,Actress
1902,381,Stephen White,Actor
1903,381,William Goodwin,Actress
1904,381,Ashley Little,Producer
1905,381,Gary Mccormick,Actor
1906,382,Cassandra Sherman,Director
1907,382,Kelly Patel,Actress
1908,382,Michelle Leblanc,Producer
1909,382,Patricia Medina,Actress
1910,382,James Carter,Producer
1911,383,Victoria Payne,Actress
1912,383,Joshua Scott,Producer
1913,383,James Gould,Producer
1914,383,Brian Smith,Producer
1915,383,James Ayala,Director
1916,384,Stephanie Johnson,Director
1917,384,Stephen Smith,Actress
1918,384,Justin Adams,Director
1919,384,Peter Johnson,Producer
1920,384,Charles Castro,Director
1921,385,Cynthia Morris,Actress
1922,385,Robert Washington,Actress
1923,385,Meghan Gray,Actress
1924,385,Anthony Molina,Actress
1925,385,Laura Cross,Director
1926,386,Charles Maddox,Producer
1927,386,Danielle Alvarez,Producer
1928,386,Harry Neal,Producer
1929,386,Gabrielle Simon,Actress
1930,386,Fred Rivas,Producer
1931,387,Stephen Mccall,Producer
1932,387,Julie Conner,Actress
1933,387,Holly Johnson,Actress
1934,387,Diane Kennedy,Director
1935,387,Hunter Kim,Actor
1936,388,Nicole Cooper,Director
1937,388,Shannon Anthony,Director
1938,388,Daniel Simmons,Actor
1939,388,Andrea Taylor,Actor
1940,388,Lindsey Rivera,Actor
1941,389,Lindsay Rice,Actress
1942,389,David Dean,Producer
1943,389,Edwin Maxwell,Actor
1944,389,Clinton Martin,Actress
1945,389,Ronald Harrison,Actress
1946,390,Sandra Bolton,Actor
1947,390,Thomas Williams,Actress
1948,390,Barbara Smith,Actress
1949,390,Mallory Hall,Actress
1950,390,Natalie Cole,Actress
1951,391,Derek Holland,Actor
1952,391,Diane Franklin,Actor
1953,391,Carla Mclean,Director
1954,391,Grace Jensen,Actor
1955,391,Thomas Boone Jr.,Director
1956,392,Andre Smith,Director
1957,392,Daniel Shaffer,Producer
1958,392,Angela Anderson,Director
1959,392,David Petersen,Director
1960,392,Gabriela Taylor,Producer
1961,393,Michelle Hardin,Director
1962,393,Andrew Duncan,Director
1963,393,Michael Boyer,Director
1964,393,Mitchell Watts,Producer
1965,393,Donald Stanton,Actress
1966,394,Gabriel Young,Actress
1967,394,David Rose,Producer
1968,394,Veronica Nguyen,Director
1969,394,Lisa Wilson,Producer
1970,394,Laura Perkins,Producer
1971,395,Renee Jennings,Actress
1972,395,Travis Roberts,Actor
1973,395,David Yu,Director
1974,395,Sarah Humphrey,Director
1975,395,Linda Alexander,Director
1976,396,Laura Castillo,Producer
1977,396,Beth Ramirez,Actor
1978,396,Margaret Hunter,Producer
1979,396,Wendy Ellis,Actress
1980,396,Ethan Valencia,Producer
1981,397,Michelle Maynard,Actor
1982,397,Jason Moss,Actor
1983,397,Matthew Young,Actress
1984,397,Matthew Lewis,Producer
1985,397,Emily Johnson,Producer
1986,398,Thomas Campbell,Producer
1987,398,Deborah Shea,Director
1988,398,Kayla Andrews,Producer
1989,398,Stephen Murray,Director
1990,398,Steven Bass,Producer
1991,399,Alexander Mejia,Actor
1992,399,Kathleen Johnson,Director
1993,399,Danny Daniels,Producer
1994,399,John Perez,Producer
1995,399,Tina Wallace,Director
1996,400,Theresa Wheeler,Actress
1997,400,Steven Myers,Actress
1998,400,Robert Jenkins MD,Actor
1999,400,Patrick Soto DDS,Producer
2000,400,Erika Contreras,Producer
2001,401,Ashley Pitts,Actress
2002,401,Valerie White,Director
2003,401,Brooke Willis,Actress
2004,401,Kim Ramsey,Director
2005,401,Donald Payne,Director
2006,402,Karen Barnes,Actress
2007,402,Bradley Chan,Director
2008,402,Timothy Mitchell,Director
2009,402,Ronald Wheeler,Director
2010,402,David Chang,Director
2011,403,Roy Vargas,Actor
2012,403,Marcus Hubbard,Actress
2013,403,Ethan Saunders,Actor
2014,403,Heather Evans,Director
2015,403,Mark Ibarra,Director
2016,404,Lisa Williams DVM,Director
2017,404,David Oconnell,Director
2018,404,Pamela Johnson,Producer
2019,404,Michael Roberts,Actress
2020,404,Kenneth Ramsey,Actor
2021,405,Kevin Jones,Director
2022,405,Laura Mccullough,Actor
2023,405,Ashley Hall,Actress
2024,405,Victoria Wallace,Director
2025,405,Miranda Singh,Actress
2026,406,Kevin Sanchez,Actor
2027,406,Anna Allen,Actress
2028,406,Jacob Nunez,Actress
2029,406,Brandon Mendez,Actress
2030,406,Melissa Vasquez,Actor
2031,407,Lisa Delgado,Actor
2032,407,Andrea Rogers,Actor
2033,407,Kimberly Hernandez MD,Actress
2034,407,Sabrina Morales,Producer
2035,407,James Bradley,Actress
2036,408,Rachel Williams,Producer
2037,408,Gary Ponce,Actor
2038,408,Joseph Morris,Director
2039,408,Austin Cardenas,Actor
2040,408,Kathleen Steele,Actor
2041,409,Jason Barrett,Actor
2042,409,Ricky Randall,Producer
2043,409,Makayla Wade,Producer
2044,409,Dominique Gonzalez,Actress
2045,409,Laurie Spencer,Actress
2046,410,Joseph Cobb,Actress
2047,410,Joan Allen,Actor
2048,410,William Warren,Producer
2049,410,Allison Gonzalez,Actor
2050,410,Brianna Erickson,Actress
2051,411,Lori Webster,Director
2052,411,Matthew French,Actor
2053,411,William Castillo,Actor
2054,411,Nicole Garcia,Director
2055,411,Randy Griffith,Actress
2056,412,Jeffrey Martinez,Actor
2057,412,Donna Mitchell,Actor
2058,412,John Bridges,Actress
2059,412,Emily Mcgee,Actress
2060,412,Michael Brown,Director
2061,413,Erica Brooks DDS,Producer
2062,413,Stephanie Lee,Director
2063,413,Amanda Richard,Producer
2064,413,Michael Daniel,Actor
2065,413,David Bell,Actor
2066,414,Jennifer Ball,Actress
2067,414,Lisa Hill,Director
2068,414,Martha Boyd,Actress
2069,414,Mrs. Margaret Mitchell,Director
2070,414,Jacob Smith,Director
2071,415,Jeffery Frost,Director
2072,415,Marie Allen,Director
2073,415,Mary Powell,Director
2074,415,Lisa Frazier,Actress
2075,415,Cheryl Robinson,Actor
2076,416,Carrie Lowe,Actress
2077,416,Laura Johnson,Actor
2078,416,Lauren Watkins,Director
2079,416,William Lewis,Actress
2080,416,Charles Morrow,Director
2081,417,Daniel Baker,Actor
2082,417,Deborah Clements,Producer
2083,417,Robert Vincent,Director
2084,417,Whitney Garrison,Director
2085,417,Elizabeth Howard,Producer
2086,418,Sean Gibson,Actress
2087,418,William Evans,Actor
2088,418,Zachary Spencer,Producer
2089,418,Thomas Holland,Actor
2090,418,Matthew Kennedy,Producer
2091,419,Maria Garcia,Producer
2092,419,Andrea Hatfield,Producer
2093,419,Holly Woodward,Producer
2094,419,Jonathan Coffey,Actress
2095,419,Erica Wilson,Producer
2096,420,Christopher Compton,Producer
2097,420,Jessica Hamilton,Producer
2098,420,Amanda Summers,Actor
2099,420,Nicole Davis,Producer
2100,420,Jessica King,Actor
2101,421,Justin Newman,Producer
2102,421,William Tate,Director
2103,421,Amy Mays,Actress
2104,421,Emily Ramirez,Director
2105,421,Amanda Stephens,Director
2106,422,Kyle Ware,Actress
2107,422,Megan Benitez,Actor
2108,422,Richard Manning,Director
2109,422,Tammy Anderson MD,Producer
2110,422,Charles Fisher,Producer
2111,423,Colleen Brown,Actor
2112,423,Robert Lopez,Actor
2113,423,Renee Johnson,Director
2114,423,Felicia Dunn,Actress
2115,423,Christopher Johnson,Actor
2116,424,Sarah Murphy,Producer
2117,424,Frank Chavez,Actress
2118,424,Tammy Berry,Actress
2119,424,Jennifer Hawkins,Director
2120,424,Yvonne Moore,Director
2121,425,Anthony Jacobs,Producer
2122,425,Rebecca Lester,Producer
2123,425,Timothy Andrade,Producer
2124,425,Anthony Adams,Director
2125,425,Taylor Boyer,Director
2126,426,William Kelley,Producer
2127,426,Jesus Frost,Director
2128,426,John Briggs,Producer
2129,426,Matthew Dalton,Producer
2130,426,Dustin Walker,Director
2131,427,Rebecca Kennedy,Director
2132,427,Cody Meyers,Actor
2133,427,Jennifer Hayden,Producer
2134,427,Bryan Bell,Producer
2135,427,Deborah Reed,Actor
2136,428,Jennifer Mullins,Actress
2137,428,Michael Hughes,Actress
2138,428,Antonio Evans,Producer
2139,428,Laura Schneider,Director
2140,428,Alexis Jenkins DDS,Actress
2141,429,Alan Little,Director
2142,429,Matthew Allison,Actor
2143,429,Julie Cruz,Producer
2144,429,Ashlee Gonzalez,Actor
2145,429,Michael Barajas,Producer
2146,430,Joel Wagner,Actress
2147,430,Donald Sherman,Director
2148,430,Grace Williams MD,Actor
2149,430,Travis Cunningham MD,Actor
2150,430,Scott Meyer,Actor
2151,431,Heather Wilson,Actor
2152,431,Rachael Young,Director
2153,431,Howard Holloway,Producer
2154,431,James Coleman,Director
2155,431,April Lambert,Actor
2156,432,Joseph Madden,Actor
2157,432,Sheila Lawrence,Producer
2158,432,Christopher Callahan,Producer
2159,432,Allison Jackson,Producer
2160,432,Anna Welch,Actor
2161,433,Jeffrey Smith,Actress
2162,433,Douglas Lee,Actor
2163,433,Dylan Beltran,Director
2164,433,Philip Gomez,Actor
2165,433,Rodney Wood,Producer
2166,434,Michael Olson,Producer
2167,434,Katelyn Mccarthy DVM,Director
2168,434,Jade Thomas,Producer
2169,434,Barbara Olson,Director
2170,434,Michelle Rodriguez,Actor
2171,435,Monica Bridges,Director
2172,435,Michelle Buck,Actress
2173,435,Kelly White,Producer
2174,435,Michael Thomas,Actress
2175,435,Jonathan Johnson,Producer
2176,436,Robin Bates,Director
2177,436,Dana Chen,Actor
2178,436,Evelyn Rodriguez,Actress
2179,436,Brandi Hernandez,Actress
2180,436,Jordan Whitehead,Director
2181,437,Mary Smith,Actress
2182,437,Destiny Saunders,Director
2183,437,Thomas Ruiz,Director
2184,437,Isaiah Anthony,Director
2185,437,Tiffany Shah,Director
2186,438,Christopher Wong,Director
2187,438,James Rodriguez,Producer
2188,438,Joshua Martin,Actress
2189,438,Christine Wilson,Producer
2190,438,Yvonne Boyd,Actor
2191,439,Nancy Newman,Actor
2192,439,Steven Hartman,Actress
2193,439,Laura Ramirez,Producer
2194,439,Erik Foley,Actor
2195,439,Kelly Harding,Actor
2196,440,Belinda Lewis,Actor
2197,440,Scott Walls,Producer
2198,440,Derek Potter,Actress
2199,440,Alexander Moore,Actress
2200,440,Kimberly Benson,Actor
2201,441,Robert Smith,Director
2202,441,Troy Moore,Producer
2203,441,Dr. Mark Guerra MD,Producer
2204,441,Brandon Roberts,Producer
2205,441,Barry Lopez,Director
2206,442,Brian Ford,Director
2207,442,Laurie Diaz,Producer
2208,442,Aaron Smith,Director
2209,442,Lisa Wong,Producer
2210,442,Melissa Mendez,Director
2211,443,Rebecca Ellis,Actress
2212,443,Justin Nelson,Actress
2213,443,Ana Gomez,Actress
2214,443,Tonya Jones,Actress
2215,443,Thomas Lester,Producer
2216,444,Amanda Evans,Producer
2217,444,Darren Collins,Actor
2218,444,Darin Becker,Actress
2219,444,Ethan Ingram,Actress
2220,444,Christopher Stone,Actor
2221,445,David Mcdaniel,Director
2222,445,Rebecca Walker,Actress
2223,445,Ebony Alexander,Actress
2224,445,Jose Wise,Director
2225,445,Danielle Floyd,Actress
2226,446,Anthony Moss,Actor
2227,446,Ryan Reyes,Actress
2228,446,Briana Moore,Producer
2229,446,Jennifer Bennett,Producer
2230,446,Steve Hill,Producer
2231,447,Mark Brown,Producer
2232,447,Tammy Pacheco,Actor
2233,447,Kevin Torres,Producer
2234,447,Sheri Shepherd,Actor
2235,447,Julia Oliver,Actor
2236,448,Renee Gilbert,Actress
2237,448,David Sims,Director
2238,448,Jackie Kim,Actor
2239,448,Denise Anderson,Producer
2240,448,Deborah Smith,Director
2241,449,Angela Mcgee,Actor
2242,449,Rodney Wilson,Producer
2243,449,Michelle Wright,Director
2244,449,William Russo,Producer
2245,449,Margaret Ramirez PhD,Director
2246,450,Jeremy Taylor,Director
2247,450,Jacob Deleon,Actor
2248,450,Courtney Ortega,Actress
2249,450,Matthew Chapman,Actor
2250,450,Michael Dean,Actor
2251,451,Jennifer Cobb,Producer
2252,451,Kayla Hawkins,Actor
2253,451,Steven Perez,Producer
2254,451,Frederick Clark,Actress
2255,451,Colleen Parker,Actor
2256,452,Christopher James,Actress
2257,452,Anna Moss,Actress
2258,452,Jacob Bauer,Actress
2259,452,Sarah Fox,Producer
2260,452,Latasha Gill,Producer
2261,453,Christopher Macias,Actress
2262,453,Bradley Wells,Actor
2263,453,Joanna Stokes,Actress
2264,453,Heidi Kelly,Producer
2265,453,Steven George,Producer
2266,454,Kayla Lara,Director
2267,454,David Hammond,Actor
2268,454,Sean Rowe,Producer
2269,454,Barbara Brooks,Producer
2270,454,David Watkins,Actor
2271,455,Matthew Brown,Producer
2272,455,Katrina Morgan,Producer
2273,455,Mary Pruitt,Director
2274,455,Justin Martinez,Director
2275,455,Jennifer Roy,Actress
2276,456,Alison Price,Actor
2277,456,Matthew Chandler,Producer
2278,456,Richard Baker,Director
2279,456,Jonathon Stevens,Producer
2280,456,Angela Williams,Actor
2281,457,Nancy Taylor,Director
2282,457,Ariana Davis,Director
2283,457,Brian Sanchez,Producer
2284,457,April Ortega,Producer
2285,457,Alisha Ferguson,Producer
2286,458,Lauren Keith,Actor
2287,458,Bonnie Davis,Producer
2288,458,Kevin Smith,Actress
2289,458,Samantha Salas,Producer
2290,458,Ryan Morales,Actress
2291,459,Linda Burke,Producer
2292,459,Alex Cox,Director
2293,459,Mr. Bradley Small MD,Producer
2294,459,Stephanie Gutierrez,Director
2295,459,James Peterson,Actress
2296,460,Karen Perez,Actor
2297,460,Jeremy Perkins,Actress
2298,460,Charles Stephens,Actress
2299,460,Laura Wood,Director
2300,460,Tanya Barker,Producer
2301,461,Jeremy Reilly,Actress
2302,461,Mitchell Thomas,Actress
2303,461,Robert Boyd,Actress
2304,461,Lisa Bradley,Actress
2305,461,Eric Lin,Actress
2306,462,Robin Martinez,Producer
2307,462,Colin Lee,Director
2308,462,Sheila Rowe,Actress
2309,462,Mary Simmons,Producer
2310,462,Kayla Griffin,Producer
2311,463,Brooke Martin,Actress
2312,463,Alyssa Gonzales,Director
2313,463,Kenneth Jones,Actress
2314,463,Jamie Hill,Producer
2315,463,Kevin King,Actor
2316,464,William Flores,Actor
2317,464,Caitlin Evans,Actor
2318,464,Sherri Allen,Director
2319,464,Corey Gibson,Producer
2320,464,Emily Benson,Producer
2321,465,Samuel Zimmerman,Actor
2322,465,Stephanie Brock,Actor
2323,465,Amy Brooks,Actress
2324,465,Stacy Cook,Actress
2325,465,Richard Olson,Producer
2326,466,Mark Pugh,Actress
2327,466,Robin Anderson,Actor
2328,466,Michelle Warren,Producer
2329,466,Gregory Valdez,Producer
2330,466,Robert Scott,Producer
2331,467,Alexander Jackson,Director
2332,467,Katherine Potter,Actor
2333,467,Dawn Lozano,Director
2334,467,Joshua Rios,Producer
2335,467,Judith Oconnor,Actor
2336,468,James Fowler,Actor
2337,468,John Davis,Producer
2338,468,Kimberly Blankenship,Director
2339,468,Sheri Flynn,Director
2340,468,Joe Wilson,Actor
2341,469,Spencer Sherman,Producer
2342,469,Brandon Williams,Actress
2343,469,Austin Randall,Producer
2344,469,Melvin Davis,Producer
2345,469,David Ellis,Actress
2346,470,Lynn Thomas,Actress
2347,470,Jeff Barber,Actress
2348,470,Teresa Jackson,Director
2349,470,Tyler Cooper,Actress
2350,470,Kevin Charles,Producer
2351,471,Mr. Adrian Price,Actor
2352,471,Jacqueline Mathis,Actor
2353,471,Michelle Johnson,Producer
2354,471,Kimberly Bartlett,Producer
2355,471,Phillip Clark,Actress
2356,472,Daniel Martinez,Producer
2357,472,Nathan Holland,Actor
2358,472,Jennifer Armstrong,Producer
2359,472,Keith Price,Actress
2360,472,Mary Harvey,Actress
2361,473,Billy Rodriguez,Director
2362,473,Jennifer Bailey,Actor
2363,473,Evelyn Gray,Actress
2364,473,Sherri Brown,Actor
2365,473,Kevin Chase,Actor
2366,474,Robert Harrell,Actress
2367,474,James Fletcher,Actress
2368,474,Charles Moore,Actress
2369,474,Derek Jackson,Actor
2370,474,Linda Scott,Actress
2371,475,Tiffany Miller,Producer
2372,475,Albert Jones,Actor
2373,475,Carla Peterson,Director
2374,475,Eric Robertson,Actor
2375,475,John Thompson,Director
2376,476,Krystal Moore,Director
2377,476,Sara Garcia,Actor
2378,476,Glen Spears,Director
2379,476,Melinda Chaney,Producer
2380,476,Erin Garcia,Producer
2381,477,Gregory Gamble,Producer
2382,477,Richard Gray,Director
2383,477,Karen Arnold,Actor
2384,477,Hunter Deleon,Director
2385,477,Michelle Dixon,Producer
2386,478,Steven Yates,Actress
2387,478,Parker Simmons,Director
2388,478,Jason Miller,Director
2389,478,Shelby Harris,Producer
2390,478,Melissa Dickerson,Actor
2391,479,Thomas Hale,Actor
2392,479,James Mercer,Director
2393,479,Danielle Obrien,Director
2394,479,Robert Christensen,Director
2395,479,Austin Chang,Actor
2396,480,Linda Villanueva,Actor
2397,480,Brian Jones,Actress
2398,480,Jasmin Pacheco,Producer
2399,480,Bruce Mendoza,Actor
2400,480,Austin Hawkins,Producer
2401,481,Matthew Woods,Actress
2402,481,Brenda Irwin,Producer
2403,481,Catherine Todd,Actor
2404,481,Roger Brown,Actor
2405,481,Sarah Johnson,Producer
2406,482,Charles Luna,Actor
2407,482,Jeff Moss,Producer
2408,482,Daniel Lambert,Producer
2409,482,Jacob Smith,Director
2410,482,Dr. John Watson,Actress
2411,483,Charles Johnson,Actor
2412,483,Andrew Michael,Director
2413,483,Christopher Strickland,Director
2414,483,Lisa Williams,Actress
2415,483,Jacob Curry,Director
2416,484,Andrea Jones,Actor
2417,484,Sharon Harris,Director
2418,484,Jeremy Young,Director
2419,484,Brian Garza,Actress
2420,484,David Matthews MD,Actress
2421,485,Darren Lam,Producer
2422,485,Teresa Mills,Director
2423,485,Janice Elliott,Producer
2424,485,Amy Smith,Actor
2425,485,Richard Simmons,Actor
2426,486,Paul Williams,Director
2427,486,Christine Bryant,Actor
2428,486,Ronald Adams,Actor
2429,486,Sarah Garcia,Actress
2430,486,Lauren Macias,Producer
2431,487,Kayla Branch,Director
2432,487,Troy Howell,Producer
2433,487,Kathryn Hanson,Actor
2434,487,Amy Wright,Director
2435,487,Shawn Martinez,Director
2436,488,Jenny Li,Actress
2437,488,Mary Jackson,Director
2438,488,Julie Thomas,Actor
2439,488,Stephen Kelly,Director
2440,488,Christina Reed,Actor
2441,489,Renee George,Actor
2442,489,Brianna Lowe,Actress
2443,489,David Diaz,Director
2444,489,Rachel Duncan,Actor
2445,489,Michael Dunn,Actress
2446,490,Angela Wood,Director
2447,490,Kelly Gonzalez,Actor
2448,490,Tiffany Harris,Actor
2449,490,Emily Rios,Director
2450,490,Patrick Weber,Director
2451,491,Jasmine Shaw,Actor
2452,491,Steven Hinton,Actor
2453,491,Christopher Perez,Actor
2454,491,Joshua Simmons,Actress
2455,491,Danny Morgan,Actress
2456,492,Logan Campbell,Director
2457,492,Alexis Richardson,Director
2458,492,Abigail Conner,Actress
2459,492,Hayden Williams,Producer
2460,492,Joseph Lee,Producer
2461,493,Mrs. Kim Boyd,Producer
2462,493,Tonya Singleton,Producer
2463,493,Philip Schneider,Actress
2464,493,Jennifer Salas,Actor
2465,493,Brian Patrick,Producer
2466,494,Jessica Wilkerson,Actor
2467,494,Peter Copeland,Director
2468,494,Michael Harris,Director
2469,494,Michelle Russell,Producer
2470,494,Scott Hood,Actress
2471,495,Rebecca Lawrence,Producer
2472,495,Paul Cruz,Actor
2473,495,Brandon Turner,Actress
2474,495,Richard Yu,Director
2475,495,Mr. Anthony Butler,Director
2476,496,Peter Mckee,Actor
2477,496,Troy Marshall,Producer
2478,496,Matthew Bauer,Director
2479,496,William Thompson,Actress
2480,496,Courtney Terry,Producer
2481,497,Kristin Ryan,Producer
2482,497,Ian Lee,Actress
2483,497,Raven Newman,Actor
2484,497,Rachel Allen,Producer
2485,497,William Choi,Producer
2486,498,Diana Scott,Producer
2487,498,Lori Torres,Actor
2488,498,Diane Collins,Actress
2489,498,Stephen Jones,Producer
2490,498,Jamie Williams,Director
2491,499,Richard Cruz,Producer
2492,499,Kelly Myers,Producer
2493,499,Brenda Williams,Actress
2494,499,Joseph Wiley,Actress
2495,499,Frank Jackson,Producer
2496,500,Jennifer Cruz,Director
2497,500,Breanna Wright,Producer
2498,500,Kristen Weber MD,Director
2499,500,Patrick Mcdonald,Actress
2500,500,Mitchell Knight,Actress
